TS,X,Y,Z
0,-20.036179,-34.3916,3.3009796
10070784,-19.959412,-25.870468,-3.8383484
20141568,-18.807907,-25.256332,-4.375717
30181888,-17.426102,-24.79573,-5.9878235
